                  epoch,         train/box_loss,         train/cls_loss,         train/dfl_loss,   metrics/precision(B),      metrics/recall(B),       metrics/mAP50(B),    metrics/mAP50-95(B),           val/box_loss,           val/cls_loss,           val/dfl_loss,                 lr/pg0,                 lr/pg1,                 lr/pg2
                      1,                 1.6997,                 5.0492,                 1.0692,                      0,                      0,                      0,                      0,                 1.7938,                 4.7647,                 1.1017,                2.5e-05,                2.5e-05,                2.5e-05
                      2,                  1.876,                  4.774,                 1.1506,                      0,                      0,                      0,                      0,                 1.6004,                 4.7216,                 1.0304,             6.1881e-05,             6.1881e-05,             6.1881e-05
                      3,                 1.7255,                 4.6137,                 1.0967,                      0,                      0,                      0,                      0,                 1.4883,                 4.6822,                 1.0031,              9.802e-05,              9.802e-05,              9.802e-05
                      4,                 1.6079,                 4.2843,                 1.0519,                0.00045,                0.08333,                 0.0839,                0.01678,                 1.4606,                 4.5693,                0.95798,             0.00013342,             0.00013342,             0.00013342
                      5,                 1.7407,                 3.8001,                 1.0466,                0.00222,                   0.35,                0.06406,                0.03083,                 1.4454,                 4.4199,                0.90691,             0.00016807,             0.00016807,             0.00016807
